Title,Source Query,City,Verdict,Real Type (reference),Google Maps Link (verify)
Dapa Boulevard Park,"bars in Bucas Grande, Siargao & Surigao, Philippines",Bucas Grande,Park,park,https://www.google.com/maps/place/Dapa+Boulevard+Park/data=!4m7!3m6!1s0x3303f9a1f46e2bf3:0x8edb545c013f653f!8m2!3d9.7547519!4d126.050986!16s%2Fg%2F11c4y62tsl!19sChIJ8ytu9KH5AzMRP2U_AVxU244?authuser=0&hl=en&rclk=1
Siargao Beach Club,"bars in Cloud 9, Siargao & Surigao, Philippines",Cloud 9,Night Club,night club,https://www.google.com/maps/place/Siargao+Beach+Club/data=!4m7!3m6!1s0x3303f784dd4a6029:0xb2f1fc06e871a567!8m2!3d9.7855507!4d126.1610946!16s%2Fg%2F11k4qhtk6v!19sChIJKWBK3YT3AzMRZ6Vx6Ab88bI?authuser=0&hl=en&rclk=1
Hightide Restobar Siargao,"bars in Cloud 9, Siargao & Surigao, Philippines",Cloud 9,bar,bar,https://www.google.com/maps/place/Hightide+Restobar+Siargao/data=!4m7!3m6!1s0x3303f76315f9c1e3:0xb06de404a837a4fa!8m2!3d9.7781933!4d126.1457327!16s%2Fg%2F11t6_lxchz!19sChIJ48H5FWP3AzMR-qQ3qATkbbA?authuser=0&hl=en&rclk=1
Bar Ciao IAO,"bars in General Luna, Siargao & Surigao, Philippines",General Luna,bar,restaurant,https://www.google.com/maps/place/Bar+Ciao+IAO/data=!4m7!3m6!1s0x3303f7b64e28217f:0x963899ffa88e63bd!8m2!3d9.7918474!4d126.1616455!16s%2Fg%2F11y8f1z5gk!19sChIJfyEoTrb3AzMRvWOOqP-ZOJY?authuser=0&hl=en&rclk=1
Tiki Bar,"bars in General Luna, Siargao & Surigao, Philippines",General Luna,bar,bar,https://www.google.com/maps/place/Tiki+Bar/data=!4m7!3m6!1s0x3303f700083367c3:0x64a1d2aaefc3d333!8m2!3d9.7855337!4d126.161206!16s%2Fg%2F11v_4nq9sw!19sChIJw2czCAD3AzMRM9PD76rSoWQ?authuser=0&hl=en&rclk=1
Siargao Bakhaw Grill and Restobar,"bars in General Luna, Siargao & Surigao, Philippines",General Luna,bar,bar,https://www.google.com/maps/place/Siargao+Bakhaw+Grill+and+Restobar/data=!4m7!3m6!1s0x3304090060c047cf:0x862875cae923994b!8m2!3d9.8088984!4d126.1575002!16s%2Fg%2F11y53yyk3v!19sChIJz0fAYAAJBDMRS5kj6cp1KIY?authuser=0&hl=en&rclk=1
Boom's Siargao,"bars in General Luna, Siargao & Surigao, Philippines",General Luna,bar,(blank — judge by name/map),https://www.google.com/maps/place/Boom%27s+Siargao/data=!4m7!3m6!1s0x33040921849483bb:0xae2351fcb322f2af!8m2!3d9.8077052!4d126.1664393!16s%2Fg%2F11stpc8nfz!19sChIJu4OUhCEJBDMRr_Iis_xRI64?authuser=0&hl=en&rclk=1
Bonnie Siargao,"bars in General Luna, Siargao & Surigao, Philippines",General Luna,bar,tapas bar,https://www.google.com/maps/place/Bonnie+Siargao/data=!4m7!3m6!1s0x3303f7a44d5f2867:0xf64a9c517d1e2140!8m2!3d9.7900643!4d126.1619886!16s%2Fg%2F11sjzl3zxf!19sChIJZyhfTaT3AzMRQCEefVGcSvY?authuser=0&hl=en&rclk=1
Kwai Siargao,"bars in Siargao, Siargao & Surigao, Philippines",Siargao,bar,hotel,https://www.google.com/maps/place/Kwai+Siargao/data=!4m7!3m6!1s0x3303f700708d0d67:0x815e4ed5c37349cd!8m2!3d9.7876423!4d126.1611098!16s%2Fg%2F11wxpf1vml!19sChIJZw2NcAD3AzMRzUlzw9VOXoE?authuser=0&hl=en&rclk=1
Tiburon Siargao,"bars in Siargao, Siargao & Surigao, Philippines",Siargao,bar,restaurant,https://www.google.com/maps/place/Tiburon+Siargao/data=!4m7!3m6!1s0x3303f7e322d8a279:0x3075f9c7a9f03f9d!8m2!3d9.791477!4d126.161972!16s%2Fg%2F11tg9z2nc6!19sChIJeaLYIuP3AzMRnT_wqcf5dTA?authuser=0&hl=en&rclk=1
Coracasa Siargao Bed & Breakfast,"bed and breakfast in Cloud 9, Siargao & Surigao, Philippines",Cloud 9,bed and Breakfast ,(blank — judge by name/map),https://www.google.com/maps/place/Coracasa+Siargao+Bed+%26+Breakfast/data=!4m11!3m10!1s0x3304097655929a3f:0xfab2107ffa206381!5m3!1s2026-10-31!4m1!1i2!8m2!3d9.807112!4d126.1659621!16s%2Fg%2F11kpzmk8h3!19sChIJP5qSVXYJBDMRgWMg-n8Qsvo?authuser=0&hl=en&rclk=1
Marhay Villa Siargao,"bed and breakfast in Cloud 9, Siargao & Surigao, Philippines",Cloud 9,bed and Breakfast ,(blank — judge by name/map),https://www.google.com/maps/place/Marhay+Villa+Siargao/data=!4m11!3m10!1s0x3303f77859f4d0c5:0xeff7c10730b006ed!5m3!1s2026-10-31!4m1!1i2!8m2!3d9.7912192!4d126.159888!16s%2Fg%2F11kr8pgx8h!19sChIJxdD0WXj3AzMR7QawMAfB9-8?authuser=0&hl=en&rclk=1
Lubihan Siargao,"bed and breakfast in General Luna, Siargao & Surigao, Philippines",General Luna,bed and Breakfast ,(blank — judge by name/map),https://www.google.com/maps/place/Lubihan+Siargao/data=!4m11!3m10!1s0x3303f79c8878eb8d:0x3b807e76d64c086a!5m3!1s2026-10-31!4m1!1i2!8m2!3d9.791521!4d126.1610412!16s%2Fg%2F11h0tzwlmd!19sChIJjet4iJz3AzMRaghM1nZ-gDs?authuser=0&hl=en&rclk=1
Schönhouse Villa Siargao,"bed and breakfast in General Luna, Siargao & Surigao, Philippines",General Luna,bed and Breakfast ,(blank — judge by name/map),https://www.google.com/maps/place/Sch%C3%B6nhouse+Villa+Siargao/data=!4m11!3m10!1s0x3303f7a514b117f1:0x120846316eca5304!5m3!1s2026-10-31!4m1!1i2!8m2!3d9.7928357!4d126.1600044!16s%2Fg%2F11s7txwfy5!19sChIJ8RexFKX3AzMRBFPKbjFGCBI?authuser=0&hl=en&rclk=1
OHANA Guesthouse,"bed and breakfast in General Luna, Siargao & Surigao, Philippines",General Luna,bed and Breakfast ,(blank — judge by name/map),https://www.google.com/maps/place/OHANA+Guesthouse/data=!4m11!3m10!1s0x3303f7c7092fb1df:0x8b98478d4f1f485f!5m3!1s2026-10-31!4m1!1i2!8m2!3d9.7915768!4d126.1524754!16s%2Fg%2F11fmnd0j_9!19sChIJ37EvCcf3AzMRX0gfT41HmIs?authuser=0&hl=en&rclk=1
The Rover Siargao,"bed and breakfast in General Luna, Siargao & Surigao, Philippines",General Luna,bed and Breakfast ,(blank — judge by name/map),https://www.google.com/maps/place/The+Rover+Siargao/data=!4m11!3m10!1s0x3303f708551c7065:0x4d3a72964363f15c!5m3!1s2026-10-31!4m1!1i2!8m2!3d9.7843432!4d126.1582047!16s%2Fg%2F11y4bw0wfh!19sChIJZXAcVQj3AzMRXPFjQ5ZyOk0?authuser=0&hl=en&rclk=1
Edward Patrecia Pension House,"bed and breakfast in General Luna, Siargao & Surigao, Philippines",General Luna,bed and Breakfast ,(blank — judge by name/map),https://www.google.com/maps/place/Edward+Patrecia+Pension+House/data=!4m11!3m10!1s0x3303f7f0dc0f93f5:0x75f5c5682e25f74f!5m3!1s2026-10-31!4m1!1i2!8m2!3d9.7862166!4d126.1610635!16s%2Fg%2F11fd726s60!19sChIJ9ZMP3PD3AzMRT_clLmjF9XU?authuser=0&hl=en&rclk=1
Coleto Siargao,"bed and breakfast in Siargao, Siargao & Surigao, Philippines",Siargao,bed and Breakfast ,(blank — judge by name/map),https://www.google.com/maps/place/Coleto+Siargao/data=!4m11!3m10!1s0x33040fe4e6e1377d:0x9fe672bb7db95c2f!5m3!1s2026-10-31!4m1!1i2!8m2!3d9.9447685!4d126.1020868!16s%2Fg%2F11s48f1tjw!19sChIJfTfh5uQPBDMRL1y5fbty5p8?authuser=0&hl=en&rclk=1
RedDoorz @ Kopinos Tourist Inn Hotel,"bed and breakfast in Siargao, Siargao & Surigao, Philippines",Siargao,bed and Breakfast ,(blank — judge by name/map),https://www.google.com/maps/place/RedDoorz+@+Kopinos+Tourist+Inn+Hotel/data=!4m11!3m10!1s0x3304010177a0d40f:0xcc62320e5acc293d!5m3!1s2026-10-31!4m1!1i2!8m2!3d9.8698776!4d125.9714717!16s%2Fg%2F11sryg237s!19sChIJD9SgdwEBBDMRPSnMWg4yYsw?authuser=0&hl=en&rclk=1
Pacifico River House,"bed and breakfast in Siargao, Siargao & Surigao, Philippines",Siargao,hotel,(blank — judge by name/map),https://www.google.com/maps/place/Pacifico+River+House/data=!4m11!3m10!1s0x33040f8b54644d73:0x2fa128a5f2432be6!5m3!1s2026-10-31!4m1!1i2!8m2!3d9.9359051!4d126.0944924!16s%2Fg%2F11f3ztn6mn!19sChIJc01kVIsPBDMR5itD8qUooS8?authuser=0&hl=en&rclk=1
Coffee Stroll Siargao,"cafes in Cloud 9, Siargao & Surigao, Philippines",Cloud 9,café,coffee shop,https://www.google.com/maps/place/Coffee+Stroll+Siargao/data=!4m7!3m6!1s0x330409d0188f4293:0x8f7779d5a34c327c!8m2!3d9.8076407!4d126.1666348!16s%2Fg%2F11s5600pq6!19sChIJk0KPGNAJBDMRfDJMo9V5d48?authuser=0&hl=en&rclk=1
Cocomo and Wave - Siargao,"cafes in Cloud 9, Siargao & Surigao, Philippines",Cloud 9,restaurant,restaurant,https://www.google.com/maps/place/Cocomo+and+Wave+-+Siargao/data=!4m7!3m6!1s0x3304098f40bef3e1:0x19fae968f31f7e39!8m2!3d9.8110453!4d126.1636413!16s%2Fg%2F11srh_lb_w!19sChIJ4fO-QI8JBDMROX4f82jp-hk?authuser=0&hl=en&rclk=1
Tom N Toms Coffee - Siargao,"cafes in Cloud 9, Siargao & Surigao, Philippines",Cloud 9,café,coffee shop,https://www.google.com/maps/place/Tom+N+Toms+Coffee+-+Siargao/data=!4m7!3m6!1s0x3304091ec0b480c5:0x76e18436b1eff1e!8m2!3d9.7971937!4d126.1601492!16s%2Fg%2F11h802cbxq!19sChIJxYC0wB4JBDMRHv8ea0MYbgc?authuser=0&hl=en&rclk=1
Amihan Siargao Bungalows,"cafes in Cloud 9, Siargao & Surigao, Philippines",Cloud 9,café,(blank — judge by name/map),https://www.google.com/maps/place/Amihan+Siargao+Bungalows/data=!4m11!3m10!1s0x330409edef52ab3f:0xfece3ceb714f4475!5m3!1s2026-10-31!4m1!1i2!8m2!3d9.8109501!4d126.1641467!16s%2Fg%2F11fzf6b3k6!19sChIJP6tS7-0JBDMRdURPces8zv4?authuser=0&hl=en&rclk=1
The Smoking Joint BBQ Siargao,"cafes in Cloud 9, Siargao & Surigao, Philippines",Cloud 9,BBQ,restaurant,https://www.google.com/maps/place/The+Smoking+Joint+BBQ+Siargao/data=!4m7!3m6!1s0x3303f7f4464562f3:0x93a5e7dd2aa308f9!8m2!3d9.7844313!4d126.1605282!16s%2Fg%2F11hym2bjs0!19sChIJ82JFRvT3AzMR-QijKt3npZM?authuser=0&hl=en&rclk=1
Sanabowl Superfood Café,"cafes in General Luna, Siargao & Surigao, Philippines",General Luna,café,coffee shop,https://www.google.com/maps/place/Sanabowl+Superfood+Caf%C3%A9/data=!4m7!3m6!1s0x3303f7de3ea0c8d1:0x212ba9d1951c33e0!8m2!3d9.7858964!4d126.1613686!16s%2Fg%2F11stvq1rzt!19sChIJ0cigPt73AzMR4DMcldGpKyE?authuser=0&hl=en&rclk=1
Good Times Coffee,"cafes in General Luna, Siargao & Surigao, Philippines",General Luna,café,coffee shop,https://www.google.com/maps/place/Good+Times+Coffee/data=!4m7!3m6!1s0x3303f7854ef4f8bf:0x549d1c1704b89bb7!8m2!3d9.7918155!4d126.1616281!16s%2Fg%2F11vy0z9r2x!19sChIJv_j0ToX3AzMRt5u4BBccnVQ?authuser=0&hl=en&rclk=1
Mellows Café Siargao,"cafes in General Luna, Siargao & Surigao, Philippines",General Luna,café,cafe,https://www.google.com/maps/place/Mellows+Caf%C3%A9+Siargao/data=!4m7!3m6!1s0x3303f71b5d6805e3:0x459e14a6105b319b!8m2!3d9.781665!4d126.1572596!16s%2Fg%2F11yfrx7c_3!19sChIJ4wVoXRv3AzMRmzFbEKYUnkU?authuser=0&hl=en&rclk=1
Don Macchiatos - Siargao,"cafes in General Luna, Siargao & Surigao, Philippines",General Luna,café,coffee shop,https://www.google.com/maps/place/Don+Macchiatos+-+Siargao/data=!4m7!3m6!1s0x3303f76a8b02b129:0xc881acd15791a5f6!8m2!3d9.7836781!4d126.1562465!16s%2Fg%2F11l6216f96!19sChIJKbECi2r3AzMR9qWRV9Gsgcg?authuser=0&hl=en&rclk=1
CFS CAFE,"cafes in General Luna, Siargao & Surigao, Philippines",General Luna,café,coffee shop,https://www.google.com/maps/place/CFS+CAFE/data=!4m7!3m6!1s0x3304099442634ecf:0xa89183f0abb58cf2!8m2!3d9.7914812!4d126.160518!16s%2Fg%2F11khr_9xdd!19sChIJz05jQpQJBDMR8oy1q_CDkag?authuser=0&hl=en&rclk=1
Ocean Tribe Dive Center,"dive shops in Cloud 9, Siargao & Surigao, Philippines",Cloud 9,Diving center,diving center,https://www.google.com/maps/place/Ocean+Tribe+Dive+Center/data=!4m7!3m6!1s0x3304090036056f11:0x4c43a69e7b7e8809!8m2!3d9.8102603!4d126.1649299!16s%2Fg%2F11x1c6w_49!19sChIJEW8FNgAJBDMRCYh-e56mQ0w?authuser=0&hl=en&rclk=1
OZEN Freediving Siargao,"dive shops in Cloud 9, Siargao & Surigao, Philippines",Cloud 9,Diving center,diving center,https://www.google.com/maps/place/OZEN+Freediving+Siargao/data=!4m11!3m10!1s0x3303f7755fea5171:0x92022d1d2054ee39!5m3!1s2026-10-31!4m1!1i2!8m2!3d9.8073347!4d126.1601249!16s%2Fg%2F11tx6fzx5k!19sChIJcVHqX3X3AzMROe5UIB0tApI?authuser=0&hl=en&rclk=1
Palaka Siargao Dive Center,"dive shops in Cloud 9, Siargao & Surigao, Philippines",Cloud 9,Diving center,diving center,https://www.google.com/maps/place/Palaka+Siargao+Dive+Center/data=!4m7!3m6!1s0x3303f615af22c415:0xaee468b5a4a68b97!8m2!3d9.7812195!4d126.1556092!16s%2Fg%2F12lktnqz2!19sChIJFcQirxX2AzMRl4umpLVo5K4?authuser=0&hl=en&rclk=1
"Vultun Massage Spa and Home Service, Pilates, & Surf","dive shops in Cloud 9, Siargao & Surigao, Philippines",Cloud 9,Spa,massage spa,"https://www.google.com/maps/place/Vultun+Massage+Spa+and+Home+Service,+Pilates,+%26+Surf/data=!4m7!3m6!1s0x3304092b57629d0b:0xb08ff02e675cb3a1!8m2!3d9.8129708!4d126.1615121!16s%2Fg%2F11sdy1h4tp!19sChIJC51iVysJBDMRobNcZy7wj7A?authuser=0&hl=en&rclk=1"
eMotion Siargao,"dive shops in Cloud 9, Siargao & Surigao, Philippines",Cloud 9,Error/flag,outdoor activity organiser,https://www.google.com/maps/place/eMotion+Siargao/data=!4m7!3m6!1s0x3303f745e94a24ab:0xdd92e13bd82ffcc0!8m2!3d9.8125662!4d126.1616268!16s%2Fg%2F11l29fl7bd!19sChIJqyRK6UX3AzMRwPwv2Dvhkt0?authuser=0&hl=en&rclk=1
Maximum Freediving Siargao,"dive shops in General Luna, Siargao & Surigao, Philippines",General Luna,Diving center,diving center,https://www.google.com/maps/place/Maximum+Freediving+Siargao/data=!4m7!3m6!1s0x3303f7f9f4ea38d7:0x241349a377640798!8m2!3d9.7950255!4d126.1563191!16s%2Fg%2F11tt6g5mzy!19sChIJ1zjq9Pn3AzMRmAdkd6NJEyQ?authuser=0&hl=en&rclk=1
Sea Serenity Diving Center,"dive shops in General Luna, Siargao & Surigao, Philippines",General Luna,Diving center,scuba instructor,https://www.google.com/maps/place/Sea+Serenity+Diving+Center/data=!4m7!3m6!1s0xad25b2f3dd4226ad:0x8edcb2ff38e2d121!8m2!3d9.8078864!4d126.160306!16s%2Fg%2F11mdp70yrk!19sChIJrSZC3fOyJa0RIdHiOP-y3I4?authuser=0&hl=en&rclk=1
Balaka,"dive shops in General Luna, Siargao & Surigao, Philippines",General Luna,Review,diving center,https://www.google.com/maps/place/Balaka/data=!4m7!3m6!1s0x3303f7e57a5fac13:0x73fe731d8f18e983!8m2!3d9.7810596!4d126.1562818!16s%2Fg%2F11fn623x_n!19sChIJE6xfeuX3AzMRg-kYjx1z_nM?authuser=0&hl=en&rclk=1
Siargao Mermaid,"dive shops in Siargao, Siargao & Surigao, Philippines",Siargao,Diving center,swimming school,https://www.google.com/maps/place/Siargao+Mermaid/data=!4m7!3m6!1s0x33040974b4d64db5:0xee533eb1bdb1045d!8m2!3d9.8102401!4d126.1649382!16s%2Fg%2F11h_10cnch!19sChIJtU3WtHQJBDMRXQSxvbE-U-4?authuser=0&hl=en&rclk=1
Kawhagan Island,"dive shops in Siargao, Siargao & Surigao, Philippines",Siargao,Review,beach,https://www.google.com/maps/place/Kawhagan+Island/data=!4m7!3m6!1s0x3306a9eab6b170f1:0xdc36da51d2731e0e!8m2!3d9.922332!4d125.8938092!16s%2Fg%2F11c1xdfq5w!19sChIJ8XCxtuqpBjMRDh5z0lHaNtw?authuser=0&hl=en&rclk=1
Isla Bucas Grande Resort,"guesthouses in Bucas Grande, Siargao & Surigao, Philippines",Bucas Grande,Resort,resort hotel,https://www.google.com/maps/place/Isla+Bucas+Grande+Resort/data=!4m7!3m6!1s0x3303e1c21f3026eb:0xe7d77ef2b8a24d5c!8m2!3d9.579786!4d125.931244!16s%2Fg%2F11c6qs68cm!19sChIJ6yYwH8LhAzMRXE2iuPJ-1-c?authuser=0&hl=en&rclk=1
Villa Harkrisha Resort,"guesthouses in Bucas Grande, Siargao & Surigao, Philippines",Bucas Grande,Resort,resort hotel,https://www.google.com/maps/place/Villa+Harkrisha+Resort/data=!4m7!3m6!1s0x3303e3b610d20981:0xdb9ca1301c2d4df9!8m2!3d9.6148998!4d125.9652514!16s%2Fg%2F11byz4_k4l!19sChIJgQnSELbjAzMR-U0tHDChnNs?authuser=0&hl=en&rclk=1
Cloud 9 Surfing Area,"guesthouses in Cloud 9, Siargao & Surigao, Philippines",Cloud 9,Beach ,tourist attraction,https://www.google.com/maps/place/Cloud+9+Surfing+Area/data=!4m7!3m6!1s0x330409ed5e3da33d:0xd2bbc5516a66d5cb!8m2!3d9.8136625!4d126.1651406!16s%2Fg%2F11g6xrwdmp!19sChIJPaM9Xu0JBDMRy9VmalHFu9I?authuser=0&hl=en&rclk=1
Hiraya surf hostel,"guesthouses in Cloud 9, Siargao & Surigao, Philippines",Cloud 9,hostel,(blank — judge by name/map),https://www.google.com/maps/place/Hiraya+surf+hostel/data=!4m11!3m10!1s0x330409256e921b2f:0x5bf71bd7ed06a0e1!5m3!1s2026-10-31!4m1!1i2!8m2!3d9.8096877!4d126.1625649!16s%2Fg%2F11h7bbvygj!19sChIJLxuSbiUJBDMR4aAG7dcb91s?authuser=0&hl=en&rclk=1
Punta Punta Surf Retreat,"guesthouses in Cloud 9, Siargao & Surigao, Philippines",Cloud 9,guesthouses,(blank — judge by name/map),https://www.google.com/maps/place/Punta+Punta+Surf+Retreat/data=!4m11!3m10!1s0x3304091ee1308d73:0x1f0cbbf9123550d7!5m3!1s2026-10-31!4m1!1i2!8m2!3d9.8186382!4d126.1503355!16s%2Fg%2F11j0wfz1s_!19sChIJc40w4R4JBDMR11A1Evm7DB8?authuser=0&hl=en&rclk=1
Coco Pod Siargao,"guesthouses in Cloud 9, Siargao & Surigao, Philippines",Cloud 9,guesthouses,(blank — judge by name/map),https://www.google.com/maps/place/Coco+Pod+Siargao/data=!4m11!3m10!1s0x330409dc8c7bdcb5:0x18a3a2946d7dcee4!5m3!1s2026-10-31!4m1!1i2!8m2!3d9.8022488!4d126.1590397!16s%2Fg%2F11gxsfrltz!19sChIJtdx7jNwJBDMR5M59bZSioxg?authuser=0&hl=en&rclk=1
Privada Villa Siargao,"guesthouses in Cloud 9, Siargao & Surigao, Philippines",Cloud 9,guesthouses,(blank — judge by name/map),https://www.google.com/maps/place/Privada+Villa+Siargao/data=!4m11!3m10!1s0x33040919457cbd11:0xfc3ab33e74389ce1!5m3!1s2026-10-31!4m1!1i2!8m2!3d9.807021!4d126.162299!16s%2Fg%2F11sv2l6c4g!19sChIJEb18RRkJBDMR4Zw4dD6zOvw?authuser=0&hl=en&rclk=1
SEACLUB Siargao,"guesthouses in Cloud 9, Siargao & Surigao, Philippines",Cloud 9,guesthouses,(blank — judge by name/map),https://www.google.com/maps/place/SEACLUB+Siargao/data=!4m11!3m10!1s0x330409047ff886f7:0x5e72ccc027daf1e9!5m3!1s2026-10-31!4m1!1i2!8m2!3d9.8092203!4d126.1620049!16s%2Fg%2F11p56f_dg9!19sChIJ94b4fwQJBDMR6fHaJ8DMcl4?authuser=0&hl=en&rclk=1
Siargao Serene Guest House,"guesthouses in General Luna, Siargao & Surigao, Philippines",General Luna,guesthouses,hotel,https://www.google.com/maps/place/Siargao+Serene+Guest+House/data=!4m7!3m6!1s0x3303f7000919c00f:0xc52d154dab77f1c0!8m2!3d9.7916686!4d126.154599!16s%2Fg%2F11ysfjhrfk!19sChIJD8AZCQD3AzMRwPF3q00VLcU?authuser=0&hl=en&rclk=1
Mango Tango Villas,"guesthouses in General Luna, Siargao & Surigao, Philippines",General Luna,guesthouses,(blank — judge by name/map),https://www.google.com/maps/place/Mango+Tango+Villas/data=!4m11!3m10!1s0x3304094802d6cb5f:0xf86df9c555fe3b24!5m3!1s2026-10-31!4m1!1i2!8m2!3d9.8012955!4d126.1560692!16s%2Fg%2F11rxj90l7w!19sChIJX8vWAkgJBDMRJDv-VcX5bfg?authuser=0&hl=en&rclk=1
Elena Hostel & Hostel Cafe,"hostels in Bucas Grande, Siargao & Surigao, Philippines",Bucas Grande,guesthouses,(blank — judge by name/map),https://www.google.com/maps/place/Elena+Hostel+%26+Hostel+Cafe/data=!4m11!3m10!1s0x3303e3277bd87a45:0x631380d628979ccf!5m3!1s2026-10-31!4m1!1i2!8m2!3d9.6209677!4d125.9661155!16s%2Fg%2F11h7cl37cy!19sChIJRXrYeyfjAzMRz5yXKNaAE2M?authuser=0&hl=en&rclk=1
Bearby's Homestay Siargao,"hostels in Cloud 9, Siargao & Surigao, Philippines",Cloud 9,Hostel,(blank — judge by name/map),https://www.google.com/maps/place/Bearby%27s+Homestay+Siargao/data=!4m11!3m10!1s0x330409b09ce0c7fd:0xe82e1ba9e8b33ea6!5m3!1s2026-10-31!4m1!1i2!8m2!3d9.8100432!4d126.1596492!16s%2Fg%2F11gmb9qdx2!19sChIJ_cfgnLAJBDMRpj6z6KkbLug?authuser=0&hl=en&rclk=1
Higala Hostel,"hostels in Cloud 9, Siargao & Surigao, Philippines",Cloud 9,hostel,(blank — judge by name/map),https://www.google.com/maps/place/Higala+Hostel/data=!4m11!3m10!1s0x3304094e8798e725:0x4da242dba3624bc9!5m3!1s2026-10-31!4m1!1i2!8m2!3d9.8090807!4d126.160547!16s%2Fg%2F11fd_n9hcx!19sChIJJeeYh04JBDMRyUtio9tCok0?authuser=0&hl=en&rclk=1
Dawn Patrol Siargao,"hostels in Cloud 9, Siargao & Surigao, Philippines",Cloud 9,Review,(blank — judge by name/map),https://www.google.com/maps/place/Dawn+Patrol+Siargao/data=!4m11!3m10!1s0x330409b79d2915e1:0xc5b43919bb660675!5m3!1s2026-10-31!4m1!1i2!8m2!3d9.8022499!4d126.1590405!16s%2Fg%2F11svhyn_qj!19sChIJ4RUpnbcJBDMRdQZmuxk5tMU?authuser=0&hl=en&rclk=1
Hamogaway Homestay Siargao,"hostels in Cloud 9, Siargao & Surigao, Philippines",Cloud 9,guesthouses,(blank — judge by name/map),https://www.google.com/maps/place/Hamogaway+Homestay+Siargao/data=!4m11!3m10!1s0x3303f73ad3687491:0x9dc56e803e125d4d!5m3!1s2026-10-31!4m1!1i2!8m2!3d9.7856126!4d126.1604614!16s%2Fg%2F11whgj9vmj!19sChIJkXRo0zr3AzMRTV0SPoBuxZ0?authuser=0&hl=en&rclk=1
Dream Catcher Nipas,"hostels in General Luna, Siargao & Surigao, Philippines",General Luna,Review,(blank — judge by name/map),https://www.google.com/maps/place/Dream+Catcher+Nipas/data=!4m11!3m10!1s0x3303f7cd5ecacc11:0x6765655455777c0b!5m3!1s2026-10-31!4m1!1i2!8m2!3d9.7913294!4d126.1607711!16s%2Fg%2F11h26bcn69!19sChIJEczKXs33AzMRC3x3VVRlZWc?authuser=0&hl=en&rclk=1
Location of Alcove Verde,"hostels in General Luna, Siargao & Surigao, Philippines",General Luna,Review,(blank — judge by name/map),https://www.google.com/maps/place/Location+of+Alcove+Verde/data=!4m11!3m10!1s0x3303f700182e4057:0x13eac85aa0b07756!5m3!1s2026-10-31!4m1!1i2!8m2!3d9.7729038!4d126.1284864!16s%2Fg%2F11m6wb9s_4!19sChIJV0AuGAD3AzMRVnewoFrI6hM?authuser=0&hl=en&rclk=1
Bed and Bunk Siargao,"hostels in General Luna, Siargao & Surigao, Philippines",General Luna,Review,(blank — judge by name/map),https://www.google.com/maps/place/Bed+and+Bunk+Siargao/data=!4m11!3m10!1s0x3303f7cc4782027b:0xd3c4633044bfdb24!5m3!1s2026-10-31!4m1!1i2!8m2!3d9.7844635!4d126.1554403!16s%2Fg%2F11xs0hn6vm!19sChIJewKCR8z3AzMRJNu_RDBjxNM?authuser=0&hl=en&rclk=1
Pointbreak Homestay,"hostels in General Luna, Siargao & Surigao, Philippines",General Luna,guesthouses,(blank — judge by name/map),https://www.google.com/maps/place/Pointbreak+Homestay/data=!4m11!3m10!1s0x3303f7004e4b0219:0x4e7444a2cf82efca!5m3!1s2026-10-31!4m1!1i2!8m2!3d9.7862171!4d126.1620636!16s%2Fg%2F11y33vjqk5!19sChIJGQJLTgD3AzMRyu-Cz6JEdE4?authuser=0&hl=en&rclk=1
Communal Coliving | Siargao Coliving for Digital Nomads,"hostels in General Luna, Siargao & Surigao, Philippines",General Luna,hostel,(blank — judge by name/map),https://www.google.com/maps/place/Communal+Coliving+%7C+Siargao+Coliving+for+Digital+Nomads/data=!4m11!3m10!1s0x3303f9661ff80d53:0xac4e88214c76611c!5m3!1s2026-10-31!4m1!1i2!8m2!3d9.8399284!4d126.1355143!16s%2Fg%2F11w9shpgrt!19sChIJUw34H2b5AzMRHGF2TCGITqw?authuser=0&hl=en&rclk=1
Greenfalls Leisure Farm and Resort,"hotels in Britania Islands, Siargao & Surigao, Philippines",Britania Islands,Resort,resort hotel,https://www.google.com/maps/place/Greenfalls+Leisure+Farm+and+Resort/data=!4m7!3m6!1s0x33023cba00128f49:0xebf9453e39036d72!8m2!3d8.9702038!4d126.1002565!16s%2Fg%2F1261qtxl4!19sChIJSY8SALo8AjMRcm0DOT5F-es?authuser=0&hl=en&rclk=1
Isla Cabana Resort,"hotels in Cloud 9, Siargao & Surigao, Philippines",Cloud 9,Resort,(blank — judge by name/map),https://www.google.com/maps/place/Isla+Cabana+Resort/data=!4m11!3m10!1s0x3303f61b05f49ad9:0x245b90b3ae432a7!5m3!1s2026-10-31!4m1!1i2!8m2!3d9.7899365!4d126.1632829!16s%2Fg%2F1hhjc6lly!19sChIJ2Zr0BRv2AzMRpzLkOgu5RQI?authuser=0&hl=en&rclk=1
Makulay Siargao Resort,"hotels in Cloud 9, Siargao & Surigao, Philippines",Cloud 9,Resort,(blank — judge by name/map),https://www.google.com/maps/place/Makulay+Siargao+Resort/data=!4m11!3m10!1s0x330409052759b331:0xb48e5f496d2c3aec!5m3!1s2026-10-31!4m1!1i2!8m2!3d9.8450468!4d126.1409724!16s%2Fg%2F11dymnkdq9!19sChIJMbNZJwUJBDMR7DosbUlfjrQ?authuser=0&hl=en&rclk=1
Mera's Garden Siargao,"hotels in General Luna, Siargao & Surigao, Philippines",General Luna,Review,(blank — judge by name/map),https://www.google.com/maps/place/Mera%27s+Garden+Siargao/data=!4m11!3m10!1s0x3303f7c6e300a7bb:0xc62e43abd388af5!5m3!1s2026-10-31!4m1!1i2!8m2!3d9.7912367!4d126.1621727!16s%2Fg%2F11j7kb8p1w!19sChIJu6cA48b3AzMR9Yo4vTrkYgw?authuser=0&hl=en&rclk=1
KASIKAS Homestay,"hotels in General Luna, Siargao & Surigao, Philippines",General Luna,guesthouses,(blank — judge by name/map),https://www.google.com/maps/place/KASIKAS+Homestay/data=!4m11!3m10!1s0x3303f7b340eef5f1:0x5380cd3d8fd9bf9!5m3!1s2026-10-31!4m1!1i2!8m2!3d9.7909735!4d126.1555891!16s%2Fg%2F11wqb1tdg8!19sChIJ8fXuQLP3AzMR-Zv92NMMOAU?authuser=0&hl=en&rclk=1
Isola Del Sole Villas And Resort,"hotels in General Luna, Siargao & Surigao, Philippines",General Luna,guesthouses,(blank — judge by name/map),https://www.google.com/maps/place/Isola+Del+Sole+Villas+And+Resort/data=!4m11!3m10!1s0x330409982a3336db:0xffa06e3690ab5aff!5m3!1s2026-10-31!4m1!1i2!8m2!3d9.8007644!4d126.1576507!16s%2Fg%2F11rxvkyr5j!19sChIJ2zYzKpgJBDMR_1qrkDZuoP8?authuser=0&hl=en&rclk=1
Lix Hotel,"hotels in Siargao, Siargao & Surigao, Philippines",Siargao,Resort,(blank — judge by name/map),https://www.google.com/maps/place/Lix+Hotel/data=!4m11!3m10!1s0x3301372621755529:0x3c5efe5f599e56c2!5m3!1s2026-10-31!4m1!1i2!8m2!3d9.7888088!4d125.4947514!16s%2Fg%2F11mdsfcgbx!19sChIJKVV1ISY3ATMRwlaeWV_-Xjw?authuser=0&hl=en&rclk=1
Eco Pension,"hotels in Siargao, Siargao & Surigao, Philippines",Siargao,Hotel,(blank — judge by name/map),https://www.google.com/maps/place/Eco+Pension/data=!4m11!3m10!1s0x330131ea715425ad:0x77cee0ac6fa289c7!5m3!1s2026-10-31!4m1!1i2!8m2!3d9.7715508!4d125.4776459!16s%2Fg%2F11h7s_zt6w!19sChIJrSVUceoxATMRx4mib6zgznc?authuser=0&hl=en&rclk=1
Le Chard PlaceTourist Inn,"hotels in Siargao, Siargao & Surigao, Philippines",Siargao,guesthouses,(blank — judge by name/map),https://www.google.com/maps/place/Le+Chard+PlaceTourist+Inn/data=!4m11!3m10!1s0x330136d5f74e40d7:0xe496a08793ffc75f!5m3!1s2026-10-31!4m1!1i2!8m2!3d9.7660154!4d125.4829538!16s%2Fg%2F12hkf4yrn!19sChIJ10BO99U2ATMRX8f_k4egluQ?authuser=0&hl=en&rclk=1
Kasili Lakeside Resort and Hotel,"hotels in Siargao, Siargao & Surigao, Philippines",Siargao,Resort,(blank — judge by name/map),https://www.google.com/maps/place/Kasili+Lakeside+Resort+and+Hotel/data=!4m11!3m10!1s0x330115073ab7aaab:0x3ec65df051fdb924!5m3!1s2026-10-31!4m1!1i2!8m2!3d9.5349737!4d125.5214965!16s%2Fg%2F1v0lh906!19sChIJq6q3OgcVATMRJLn9UfBdxj4?authuser=0&hl=en&rclk=1
Amazing beach siargao,"nightclubs in Siargao, Siargao & Surigao, Philippines",Siargao,review,bar,https://www.google.com/maps/place/Amazing+beach+siargao/data=!4m7!3m6!1s0x3303f70059430331:0x825e016a2e1879fa!8m2!3d9.7619072!4d126.127317!16s%2Fg%2F11z61k8l58!19sChIJMQNDWQD3AzMR-nkYLmoBXoI?authuser=0&hl=en&rclk=1
Secret Surf Spot of the south,"nightclubs in Siargao, Siargao & Surigao, Philippines",Siargao,review,surf school,https://www.google.com/maps/place/Secret+Surf+Spot+of+the+south/data=!4m7!3m6!1s0x3303f7d88d8881bb:0x434c85c74beb9ac!8m2!3d9.7489888!4d126.0908084!16s%2Fg%2F11rfc4y94p!19sChIJu4GIjdj3AzMRrLm-dFzINAQ?authuser=0&hl=en&rclk=1
Bake X Siargao/Siram Siargao,"nightclubs in Siargao, Siargao & Surigao, Philippines",Siargao,review,cafe,https://www.google.com/maps/place/Bake+X+Siargao%2FSiram+Siargao/data=!4m7!3m6!1s0x3303f61ddc3e710d:0x2b76555e25a76b80!8m2!3d9.7942868!4d126.1607306!16s%2Fg%2F11fy4snwv3!19sChIJDXE-3B32AzMRgGunJV5Vdis?authuser=0&hl=en&rclk=1
BGFC - Graphics and Multimedia Club,"nightlife in Bucas Grande, Siargao & Surigao, Philippines",Bucas Grande,Review,photographer,https://www.google.com/maps/place/BGFC+-+Graphics+and+Multimedia+Club/data=!4m7!3m6!1s0x3303e3000a0233d9:0xf4b54c56b433351e!8m2!3d9.6156978!4d125.9628241!16s%2Fg%2F11mygdkx5j!19sChIJ2TMCCgDjAzMRHjUztFZMtfQ?authuser=0&hl=en&rclk=1
Bucas Grande,"nightlife in Bucas Grande, Siargao & Surigao, Philippines",Bucas Grande,Review,island,https://www.google.com/maps/place/Bucas+Grande/data=!4m7!3m6!1s0x3303e2c71c7c8561:0xb80cbee655791730!8m2!3d9.6176113!4d125.9369952!16s%2Fm%2F02rv06x!19sChIJYYV8HMfiAzMRMBd5Vea-DLg?authuser=0&hl=en&rclk=1
Port of Dapa,"nightlife in Bucas Grande, Siargao & Surigao, Philippines",Bucas Grande,Review,port authority,https://www.google.com/maps/place/Port+of+Dapa/data=!4m7!3m6!1s0x3303f9afd2217741:0x1b2d62a1825a0525!8m2!3d9.7551656!4d126.0507255!16s%2Fg%2F11t5jqpl20!19sChIJQXch0q_5AzMRJQVagqFiLRs?authuser=0&hl=en&rclk=1
Zicatela Siargao,"nightlife in Cloud 9, Siargao & Surigao, Philippines",Cloud 9,Review,bar,https://www.google.com/maps/place/Zicatela+Siargao/data=!4m7!3m6!1s0x33040928b0bcafb3:0xe1d248d82730772f!8m2!3d9.8069766!4d126.1668873!16s%2Fg%2F11hdwlzts4!19sChIJs6-8sCgJBDMRL3cwJ9hI0uE?authuser=0&hl=en&rclk=1
Violegre Gastropub,"nightlife in General Luna, Siargao & Surigao, Philippines",General Luna,bar,gastropub,https://www.google.com/maps/place/Violegre+Gastropub/data=!4m7!3m6!1s0x330409021dc91c15:0x84af7a35f605a69f!8m2!3d9.7861877!4d126.1614523!16s%2Fg%2F11t_dh7p5r!19sChIJFRzJHQIJBDMRn6YF9jV6r4Q?authuser=0&hl=en&rclk=1
Happy Islanders Surf Club,"nightlife in General Luna, Siargao & Surigao, Philippines",General Luna,bar,surf school,https://www.google.com/maps/place/Happy+Islanders+Surf+Club/data=!4m7!3m6!1s0x33040914f51474a5:0x14a76bcb7056be5e!8m2!3d9.8110655!4d126.1641642!16s%2Fg%2F11l5qgwrt4!19sChIJpXQU9RQJBDMRXr5WcMtrpxQ?authuser=0&hl=en&rclk=1
Seabreeze Kite Club,"nightlife in General Luna, Siargao & Surigao, Philippines",General Luna,Review,kite shop,https://www.google.com/maps/place/Seabreeze+Kite+Club/data=!4m7!3m6!1s0x3303f61a6bf800c5:0x65e1dfcd14927037!8m2!3d9.7923964!4d126.162362!16s%2Fg%2F11bwf7vhhc!19sChIJxQD4axr2AzMRN3CSFM3f4WU?authuser=0&hl=en&rclk=1
Dre's Place,"nightlife in General Luna, Siargao & Surigao, Philippines",General Luna,Water activity,self-catering accommodation,https://www.google.com/maps/place/Dre%27s+Place/data=!4m7!3m6!1s0x3303f72419291871:0x403c8776433906e9!8m2!3d9.7864389!4d126.1586556!16s%2Fg%2F11fp8jhqq1!19sChIJcRgpGST3AzMR6QY5Q3aHPEA?authuser=0&hl=en&rclk=1
ShakaBrah Siargao,"nightlife in General Luna, Siargao & Surigao, Philippines",General Luna,Review,(blank — judge by name/map),https://www.google.com/maps/place/ShakaBrah+Siargao/data=!4m11!3m10!1s0x330409b769e77b53:0x5296f9c3b59f26b3!5m3!1s2026-10-31!4m1!1i2!8m2!3d9.8382909!4d126.1395864!16s%2Fg%2F11fq4nlxpr!19sChIJU3vnabcJBDMRsyaftcP5llI?authuser=0&hl=en&rclk=1
Ronin Siargao Jiujitsu,"nightlife in General Luna, Siargao & Surigao, Philippines",General Luna,Gym,sports club,https://www.google.com/maps/place/Ronin+Siargao+Jiujitsu/data=!4m7!3m6!1s0x3303f7cb7e1cf173:0xa9cd0891df716854!8m2!3d9.7905451!4d126.1617696!16s%2Fg%2F11ww8q48nw!19sChIJc_Ecfsv3AzMRVGhx35EIzak?authuser=0&hl=en&rclk=1
Kesa Cloud 9 Resort,"resorts in Cloud 9, Siargao & Surigao, Philippines",Cloud 9,Resort,(blank — judge by name/map),https://www.google.com/maps/place/Kesa+Cloud+9+Resort/data=!4m11!3m10!1s0x330409edc0d46055:0xeabe4d75f64139d9!5m3!1s2026-10-31!4m1!1i2!8m2!3d9.811546!4d126.1638555!16s%2Fg%2F1hc5937_k!19sChIJVWDUwO0JBDMR2TlB9nVNvuo?authuser=0&hl=en&rclk=1
NYLA Boutique Resort Siargao,"resorts in Cloud 9, Siargao & Surigao, Philippines",Cloud 9,Resort,(blank — judge by name/map),https://www.google.com/maps/place/NYLA+Boutique+Resort+Siargao/data=!4m11!3m10!1s0x330409d01493e6cd:0x4480f7a1f817817a!5m3!1s2026-10-31!4m1!1i2!8m2!3d9.8036782!4d126.1591807!16s%2Fg%2F11lnnz_8k_!19sChIJzeaTFNAJBDMReoEX-KH3gEQ?authuser=0&hl=en&rclk=1
Kermit Surf Resort and Restaurant Siargao,"resorts in Cloud 9, Siargao & Surigao, Philippines",Cloud 9,Resort,(blank — judge by name/map),https://www.google.com/maps/place/Kermit+Surf+Resort+and+Restaurant+Siargao/data=!4m11!3m10!1s0x3303f61a697d50eb:0xd08fd29137b9c117!5m3!1s2026-10-31!4m1!1i2!8m2!3d9.7879107!4d126.1605177!16s%2Fg%2F11gzmqfrq!19sChIJ61B9aRr2AzMRF8G5N5HSj9A?authuser=0&hl=en&rclk=1
Las Palmas Villas and Casitas,"resorts in General Luna, Siargao & Surigao, Philippines",General Luna,guesthouses,(blank — judge by name/map),https://www.google.com/maps/place/Las+Palmas+Villas+and+Casitas/data=!4m11!3m10!1s0x330409aba19c5955:0x68ac97074f172b19!5m3!1s2026-10-31!4m1!1i2!8m2!3d9.8020521!4d126.1595741!16s%2Fg%2F11h8h88gw5!19sChIJVVmcoasJBDMRGSsXTweXrGg?authuser=0&hl=en&rclk=1
Happiness Beach Resort Siargao,"resorts in General Luna, Siargao & Surigao, Philippines",General Luna,Resort,(blank — judge by name/map),https://www.google.com/maps/place/Happiness+Beach+Resort+Siargao/data=!4m11!3m10!1s0x3304096022b2d42d:0xc38506d9058e42a3!5m3!1s2026-10-31!4m1!1i2!8m2!3d9.8018538!4d126.160349!16s%2Fg%2F11jz20ppbj!19sChIJLdSyImAJBDMRo0KOBdkGhcM?authuser=0&hl=en&rclk=1
"INARA SIARGAO, BEACH RESORT","resorts in General Luna, Siargao & Surigao, Philippines",General Luna,Resort,(blank — judge by name/map),"https://www.google.com/maps/place/INARA+SIARGAO,+BEACH+RESORT/data=!4m11!3m10!1s0x3303f77ac5804975:0x224afd107ef83c17!5m3!1s2026-10-31!4m1!1i2!8m2!3d9.760018!4d126.126688!16s%2Fg%2F11q_43h43g!19sChIJdUmAxXr3AzMRFzz4fhD9SiI?authuser=0&hl=en&rclk=1"
Mango Tree Siargao,"resorts in General Luna, Siargao & Surigao, Philippines",General Luna,Review,(blank — judge by name/map),https://www.google.com/maps/place/Mango+Tree+Siargao/data=!4m11!3m10!1s0x3303f73a7be5467b:0xf8a1d8e40497816f!5m3!1s2026-10-31!4m1!1i2!8m2!3d9.7934145!4d126.1383879!16s%2Fg%2F11fqbxkxsp!19sChIJe0blezr3AzMRb4GXBOTYofg?authuser=0&hl=en&rclk=1
Sea Green Boutique Rooms,"resorts in General Luna, Siargao & Surigao, Philippines",General Luna,guesthouses,(blank — judge by name/map),https://www.google.com/maps/place/Sea+Green+Boutique+Rooms/data=!4m11!3m10!1s0x3303f71aa58f6297:0xae5082c16c0f56d2!5m3!1s2026-10-31!4m1!1i2!8m2!3d9.7914376!4d126.1610739!16s%2Fg%2F11h7kttqx7!19sChIJl2KPpRr3AzMR0lYPbMGCUK4?authuser=0&hl=en&rclk=1
L'Osteria Oceanfront Designer Suite,"resorts in General Luna, Siargao & Surigao, Philippines",General Luna,guesthouses,(blank — judge by name/map),https://www.google.com/maps/place/L%27Osteria+Oceanfront+Designer+Suite/data=!4m11!3m10!1s0x330409f042798413:0xcc25e37639166972!5m3!1s2026-10-31!4m1!1i2!8m2!3d9.806357!4d126.167235!16s%2Fg%2F11q83r5dxl!19sChIJE4R5QvAJBDMRcmkWOXbjJcw?authuser=0&hl=en&rclk=1
Villa Felicisima Beach Resort,"resorts in General Luna, Siargao & Surigao, Philippines",General Luna,Resort,(blank — judge by name/map),https://www.google.com/maps/place/Villa+Felicisima+Beach+Resort/data=!4m11!3m10!1s0x3303f7dfe8137fe5:0xc241e657b5dae216!5m3!1s2026-10-31!4m1!1i2!8m2!3d9.7882897!4d126.1628308!16s%2Fg%2F11h_vs56yr!19sChIJ5X8T6N_3AzMRFuLatVfmQcI?authuser=0&hl=en&rclk=1
Oyay's Seafood Grill & Restaurant,"restaurants in Bucas Grande, Siargao & Surigao, Philippines",Bucas Grande,restaurant,restaurant,https://www.google.com/maps/place/Oyay%27s+Seafood+Grill+%26+Restaurant/data=!4m7!3m6!1s0x3303f9e124e82def:0x3da039c7324b88e0!8m2!3d9.7539107!4d126.0518584!16s%2Fg%2F11yy_t3rwk!19sChIJ7y3oJOH5AzMR4IhLMsc5oD0?authuser=0&hl=en&rclk=1
SHAKA Siargao,"restaurants in Cloud 9, Siargao & Surigao, Philippines",Cloud 9,Review,vegetarian restaurant,https://www.google.com/maps/place/SHAKA+Siargao/data=!4m7!3m6!1s0x330409edeece4251:0x237b0ac9af892681!8m2!3d9.8117509!4d126.1645182!16s%2Fg%2F11cn94nprh!19sChIJUULO7u0JBDMRgSaJr8kKeyM?authuser=0&hl=en&rclk=1
Munchies @ Jacking Horse Trail Gen. Luna Siargao,"restaurants in Cloud 9, Siargao & Surigao, Philippines",Cloud 9,restaurant,restaurant,https://www.google.com/maps/place/Munchies+@+Jacking+Horse+Trail+Gen.+Luna+Siargao/data=!4m7!3m6!1s0x3304092e396c3fbd:0xb3eedfcc18c79810!8m2!3d9.8131351!4d126.1618923!16s%2Fg%2F11fpvb_4sn!19sChIJvT9sOS4JBDMREJjHGMzf7rM?authuser=0&hl=en&rclk=1
Warung Siargao Indonesian Restaurant,"restaurants in Cloud 9, Siargao & Surigao, Philippines",Cloud 9,restaurant,restaurant,https://www.google.com/maps/place/Warung+Siargao+Indonesian+Restaurant/data=!4m7!3m6!1s0x3303f61de7ca716d:0x41cd877baefc555b!8m2!3d9.7960585!4d126.1608989!16s%2Fg%2F11d_7tcxlg!19sChIJbXHK5x32AzMRW1X8rnuHzUE?authuser=0&hl=en&rclk=1
Isla Panciteria Siargao,"restaurants in General Luna, Siargao & Surigao, Philippines",General Luna,restaurant,restaurant,https://www.google.com/maps/place/Isla+Panciteria+Siargao/data=!4m7!3m6!1s0x3304090075d119c7:0xf5f43a20fc32600b!8m2!3d9.8038939!4d126.1595071!16s%2Fg%2F11lzwsn5gm!19sChIJxxnRdQAJBDMRC2Ay_CA69PU?authuser=0&hl=en&rclk=1
Nattribu Siargao,"restaurants in General Luna, Siargao & Surigao, Philippines",General Luna,restaurant,restaurant,https://www.google.com/maps/place/Nattribu+Siargao/data=!4m7!3m6!1s0x3303f72821410875:0x523ed7e6b637e584!8m2!3d9.7904839!4d126.1617438!16s%2Fg%2F11txcqcbr4!19sChIJdQhBISj3AzMRhOU3tubXPlI?authuser=0&hl=en&rclk=1
The Beachbaby Cafe,"restaurants in General Luna, Siargao & Surigao, Philippines",General Luna,café,restaurant,https://www.google.com/maps/place/The+Beachbaby+Cafe/data=!4m7!3m6!1s0x3303f7274a8e2417:0x5c66cca0ce6cd9d7!8m2!3d9.7921957!4d126.1615892!16s%2Fg%2F11r7cz62w8!19sChIJFySOSif3AzMR19lszqDMZlw?authuser=0&hl=en&rclk=1
Secret Garden Siargao,"restaurants in General Luna, Siargao & Surigao, Philippines",General Luna,restaurant,restaurant,https://www.google.com/maps/place/Secret+Garden+Siargao/data=!4m7!3m6!1s0x3303f7196c509361:0xb80242bef8df5f25!8m2!3d9.7818001!4d126.1560888!16s%2Fg%2F11p0wtf94g!19sChIJYZNQbBn3AzMRJV_f-L5CArg?authuser=0&hl=en&rclk=1
Doner shawarma and kebabs my falafel-siargao islandحلال,"restaurants in General Luna, Siargao & Surigao, Philippines",General Luna,restaurant,shawarma restaurant,https://www.google.com/maps/place/Doner+shawarma+and+kebabs+my+falafel-siargao+island%D8%AD%D9%84%D8%A7%D9%84%E2%80%AD/data=!4m7!3m6!1s0x3304094f8fb10a93:0xd46ac8e17d80117!8m2!3d9.7859023!4d126.1616474!16s%2Fg%2F11l1yt3h9x!19sChIJkwqxj08JBDMRFwHYF46sRg0?authuser=0&hl=en&rclk=1
HAMÁL iao,"restaurants in Siargao, Siargao & Surigao, Philippines",Siargao,restaurant,middle eastern restaurant,https://www.google.com/maps/place/HAM%C3%81L+iao/data=!4m7!3m6!1s0x3303f76d09d6ba1d:0xfb8dce49a974e11b!8m2!3d9.785657!4d126.1571682!16s%2Fg%2F11x0mwv4yf!19sChIJHbrWCW33AzMRG-F0qUnOjfs?authuser=0&hl=en&rclk=1
Bucas Grande Island,"things to do in Bucas Grande, Siargao & Surigao, Philippines",Bucas Grande,restaurant,tourist attraction,https://www.google.com/maps/place/Bucas+Grande+Island/data=!4m7!3m6!1s0x3303e1fdfa01a2d1:0x375afdc37286a3b9!8m2!3d9.5961815!4d125.9155547!16s%2Fg%2F11btwrb2mr!19sChIJ0aIB-v3hAzMRuaOGcsP9Wjc?authuser=0&hl=en&rclk=1
Love Beach,"things to do in General Luna, Siargao & Surigao, Philippines",General Luna,Beach ,tourist attraction,https://www.google.com/maps/place/Love+Beach/data=!4m7!3m6!1s0x3303f737226a8599:0x6f4450d905ee1060!8m2!3d9.7850098!4d126.1612321!16s%2Fg%2F11sjtd2vxc!19sChIJmYVqIjf3AzMRYBDuBdlQRG8?authuser=0&hl=en&rclk=1
Secret Beach,"things to do in General Luna, Siargao & Surigao, Philippines",General Luna,Beach ,beach pavillion,https://www.google.com/maps/place/Secret+Beach/data=!4m7!3m6!1s0x3303f7b698a06fa9:0x3da2c49aa2353468!8m2!3d9.7564043!4d126.1167504!16s%2Fg%2F11kq3cmkb2!19sChIJqW-gmLb3AzMRaDQ1oprEoj0?authuser=0&hl=en&rclk=1
General Luna Port,"things to do in General Luna, Siargao & Surigao, Philippines",General Luna,port,boat ramp,https://www.google.com/maps/place/General+Luna+Port/data=!4m7!3m6!1s0x3303f7456342b0e9:0xa36c2ce4ea6f64d!8m2!3d9.7810105!4d126.1568439!16s%2Fg%2F11h9k8_kpd!19sChIJ6bBCY0X3AzMRTfamTs7CNgo?authuser=0&hl=en&rclk=1
Naked Island,"things to do in General Luna, Siargao & Surigao, Philippines",General Luna,Beach ,tourist attraction,https://www.google.com/maps/place/Naked+Island/data=!4m7!3m6!1s0x3303f725e486864d:0xfed1580ca1d75fe!8m2!3d9.7348585!4d126.1260153!16s%2Fg%2F11g6twcctq!19sChIJTYaG5CX3AzMR_nUdyoAV7Q8?authuser=0&hl=en&rclk=1
The River Hideaway,"things to do in General Luna, Siargao & Surigao, Philippines",General Luna,tourist attraction,villa,https://www.google.com/maps/place/The+River+Hideaway/data=!4m11!3m10!1s0x330409b654401b0d:0xba38e81345a74f0f!5m3!1s2026-10-31!4m1!1i2!8m2!3d9.828838!4d126.1160526!16s%2Fg%2F11tfbs0rvv!19sChIJDRtAVLYJBDMRD0-nRRPoOLo?authuser=0&hl=en&rclk=1
Ulap Surf,"things to do in General Luna, Siargao & Surigao, Philippines",General Luna,surf school,surf school,https://www.google.com/maps/place/Ulap+Surf/data=!4m7!3m6!1s0x330409788b41537d:0x6345e500cbf665a7!8m2!3d9.8090841!4d126.1617666!16s%2Fg%2F11nnz8m113!19sChIJfVNBi3gJBDMRp2X2ywDlRWM?authuser=0&hl=en&rclk=1
Pangitlogan,"things to do in General Luna, Siargao & Surigao, Philippines",General Luna,tourist attraction,tourist attraction,https://www.google.com/maps/place/Pangitlogan/data=!4m7!3m6!1s0x330409002ee07a93:0x7c8d1af24f1e5dfe!8m2!3d9.8492784!4d126.1450393!16s%2Fg%2F11ltmh3h2n!19sChIJk3rgLgAJBDMR_l0eT_IajXw?authuser=0&hl=en&rclk=1
Siargao Firefly watching,"things to do in Siargao, Siargao & Surigao, Philippines",Siargao,tourist attraction,tourist attraction,https://www.google.com/maps/place/Siargao+Firefly+watching/data=!4m7!3m6!1s0x3303f70f054ba15f:0xba8f0f10c17f450a!8m2!3d9.7589533!4d126.1152923!16s%2Fg%2F11kjf9ppr4!19sChIJX6FLBQ_3AzMRCkV_wRAPj7o?authuser=0&hl=en&rclk=1
Alegria Beach,"things to do in Siargao, Siargao & Surigao, Philippines",Siargao,Beach ,tourist attraction,https://www.google.com/maps/place/Alegria+Beach/data=!4m7!3m6!1s0x330419718c6e68e3:0x20f7fdd460e31d01!8m2!3d10.054659!4d126.0710457!16s%2Fg%2F11tcc4w9_s!19sChIJ42hujHEZBDMRAR3jYNT99yA?authuser=0&hl=en&rclk=1
Colz Travel & Tours - Siargao,"tours in Cloud 9, Siargao & Surigao, Philippines",Cloud 9,tour agency,tour operator,https://www.google.com/maps/place/Colz+Travel+%26+Tours+-+Siargao/data=!4m7!3m6!1s0x330409a1a286056b:0x86542eb5f2080e60!8m2!3d9.8127527!4d126.1618995!16s%2Fg%2F11tgdj5xkl!19sChIJawWGoqEJBDMRYA4I8rUuVIY?authuser=0&hl=en&rclk=1
siargaoislandtour,"tours in General Luna, Siargao & Surigao, Philippines",General Luna,tour agency,tour agency,https://www.google.com/maps/place/siargaoislandtour/data=!4m7!3m6!1s0x3303f71640a8cc25:0xc186448053273923!8m2!3d9.7763811!4d126.1252592!16s%2Fg%2F11y3k27nxf!19sChIJJcyoQBb3AzMRIzknU4BEhsE?authuser=0&hl=en&rclk=1
Boozey Tour Services,"tours in General Luna, Siargao & Surigao, Philippines",General Luna,tour agency,boat tour agency,https://www.google.com/maps/place/Boozey+Tour+Services/data=!4m7!3m6!1s0x3303f70024c92fc5:0xa87890a9a7b79b5d!8m2!3d9.7852216!4d126.1614192!16s%2Fg%2F11z7_q54tn!19sChIJxS_JJAD3AzMRXZu3p6mQeKg?authuser=0&hl=en&rclk=1
Javalava Tours,"tours in General Luna, Siargao & Surigao, Philippines",General Luna,tour agency,travel agency,https://www.google.com/maps/place/Javalava+Tours/data=!4m7!3m6!1s0x3397b7ebd07c3acd:0xdf129fb1897fb2c3!8m2!3d9.7836083!4d126.1565257!16s%2Fg%2F1tp1wbp3!19sChIJzTp80Ou3lzMRw7J_ibGfEt8?authuser=0&hl=en&rclk=1
General Luna Tourism Office,"tours in General Luna, Siargao & Surigao, Philippines",General Luna,Tourism information center,tourist information center,https://www.google.com/maps/place/General+Luna+Tourism+Office/data=!4m7!3m6!1s0x3303f7e664700e13:0xf6d94cdae21a57ed!8m2!3d9.7810785!4d126.1566533!16s%2Fg%2F11txjlpj1x!19sChIJEw5wZOb3AzMR7Vca4tpM2fY?authuser=0&hl=en&rclk=1
Secret Villa Siargao,"tours in General Luna, Siargao & Surigao, Philippines",General Luna,guesthouses,cottage village,https://www.google.com/maps/place/Secret+Villa+Siargao/data=!4m11!3m10!1s0x3303f7b269eb0669:0x78a3d57d00c3e24d!5m3!1s2026-10-31!4m1!1i2!8m2!3d9.7932335!4d126.1521527!16s%2Fg%2F11rwxjfs_h!19sChIJaQbrabL3AzMRTeLDAH3Vo3g?authuser=0&hl=en&rclk=1
Harana Surf School - Siargao,"tours in General Luna, Siargao & Surigao, Philippines",General Luna,surf school,surf school,https://www.google.com/maps/place/Harana+Surf+School+-+Siargao/data=!4m7!3m6!1s0x33040970bbfaff83:0x443dd316d2eba21d!8m2!3d9.8070217!4d126.1671479!16s%2Fg%2F11fn41sr5t!19sChIJg__6u3AJBDMRHaLr0hbTPUQ?authuser=0&hl=en&rclk=1
Yonder in Siargao,"tours in Siargao, Siargao & Surigao, Philippines",Siargao,surf school,boat tour agency,https://www.google.com/maps/place/Yonder+in+Siargao/data=!4m7!3m6!1s0x33040959e3f84d99:0xaadf6bf296acbd22!8m2!3d9.7859283!4d126.1562448!16s%2Fg%2F11vbcfqxwv!19sChIJmU3441kJBDMRIr2slvJr36o?authuser=0&hl=en&rclk=1
Coconut Road,"tours in Siargao, Siargao & Surigao, Philippines",Siargao,review,tourist attraction,https://www.google.com/maps/place/Coconut+Road/data=!4m7!3m6!1s0x33040756a7e127ef:0x1662ca94ff1cf441!8m2!3d9.817107!4d126.05483!16s%2Fg%2F11h_1rddf6!19sChIJ7yfhp1YHBDMRQfQc_5TKYhY?authuser=0&hl=en&rclk=1
Foxtail Travel & Tours,"tours in Siargao, Siargao & Surigao, Philippines",Siargao,tour agency,travel agency,https://www.google.com/maps/place/Foxtail+Travel+%26+Tours/data=!4m7!3m6!1s0x3303f716ae0553e5:0x54dfeb632c7cdcfa!8m2!3d9.8001249!4d126.1600459!16s%2Fg%2F11x03q9q6s!19sChIJ5VMFrhb3AzMR-tx8LGPr31Q?authuser=0&hl=en&rclk=1
